,source_id,source_name,author,title,description,url,urlToImage,publishedAt,content
0,,Yahoo Entertainment,Cristina Alexander,Overwatch 2 shows off Transformers skins in animated trailer,"Blizzard and Hasbro have revealed the Transformers skins for Overwatch 2’s upcoming collaboration with the popular mecha toy franchise. The two companies released an animated trailer
 on the Overwatch YouTube channel today, showing off the skins based on thr…",https://consent.yahoo.com/v2/collectConsent?sessionId=1_cc-session_f7cfb0fb-e002-4dd9-9f52-afb6eebbc263,,2024-07-08T22:23:59Z,"If you click 'Accept all', we and our partners, including 238 who are part of the IAB Transparency &amp; Consent Framework, will also store and/or access information on a device (in other words, use … [+678 chars]"
1,,Yahoo Entertainment,Will Shanklin,The makers of Palworld have formed a new company in partnership with Sony,"The maker of Xbox Game Pass stalwart Palworld said on Wednesday it’s forming a new company in partnership with… Sony. Palworld developer and publisher Pocketpair announced its new team-up with Sony Music Entertainment to create Palworld Entertainment, Inc. Th…",https://consent.yahoo.com/v2/collectConsent?sessionId=1_cc-session_509eab5d-8602-4ea6-82a6-d24d6b79bdac,,2024-07-10T18:48:24Z,"If you click 'Accept all', we and our partners, including 237 who are part of the IAB Transparency &amp; Consent Framework, will also store and/or access information on a device (in other words, use … [+678 chars]"
2,,Yahoo Entertainment,Cheyenne MacDonald,What to read this weekend: Keanu Reeves wrote a book with ‘weird fiction’ author China Miéville,"New releases in fiction, nonfiction and comics that caught our attention.
The Book of Elsewhere by Keanu Reeves and China Miéville


A few years ago, Keanu Reeves took a dive into the world of comics with a series called BRZRKR, which he wrote with longtime …",https://consent.yahoo.com/v2/collectConsent?sessionId=1_cc-session_a68fa7d6-ba52-4dd3-8370-e0f1fcd2b694,,2024-07-27T17:39:09Z,"If you click 'Accept all', we and our partners, including 237 who are part of the IAB Transparency &amp; Consent Framework, will also store and/or access information on a device (in other words, use … [+678 chars]"
3,,Gizmodo.com,Gordon Jackson,Terminator: Zero Debuts its First Trailer Just In Time for Armageddon,"Netflix has released a trailer for its new Terminator anime series from Skydance, Production I.G, Masashi Kudō and Mattson Tomlin.",https://gizmodo.com/terminator-zero-anime-trailer-netflix-2000473348,https://gizmodo.com/app/uploads/2024/07/unnamed-2.jpg,2024-07-15T14:15:01Z,"Netflix has released a trailer for its new Terminator anime series from Skydance, Production I.G, Masashi Kud and Mattson Tomlin. Take a look:
Starring the voices of Timothy Olyphant, Rosario Dawson… [+1580 chars]"
4,,Gizmodo.com,Cheryl Eddy,First Trailer for Rick and Morty: The Anime Reveals a Familiar (Yet Skewed) New Dimension,Adult Swim's new 10-episode anime series based on Rick and Morty comes from acclaimed director Takashi Sano.,https://gizmodo.com/first-trailer-for-rick-and-morty-the-anime-reveals-a-familiar-yet-skewed-new-dimension-2000469442,https://gizmodo.com/app/uploads/2024/07/Screenshot-2024-07-11-at-9.40.00 AM.jpg,2024-07-11T18:45:32Z,"Rick and Morty fans are used to seeing the show’s portal-hopping characters visit bizarre worlds that in no way resemble our own; they’re also familiar with seeing Rick, Morty, and the rest of the ga… [+1781 chars]"
5,,Gizmodo.com,Cheryl Eddy,Rick and Morty: The Anime‘s Creators on How Their Show Is Different From the Original,The new series premieres August 15 on Adult Swim; a Japanese language version arrives August 17.,https://gizmodo.com/rick-and-morty-the-animes-creators-on-how-their-show-is-different-from-the-original-2000479945,https://gizmodo.com/app/uploads/2024/07/Screenshot-2024-07-26-at-6.38.04 PM.jpg,2024-07-27T14:45:39Z,"Rick and Morty: The Anime arrives next month, and it’ll be the only new Rick and Morty content for hungry fans until the original series returns for its eighth season in 2025. But if you love Rick, M… [+2727 chars]"
6,,Gizmodo.com,James Whitbrook,You Have to Watch This Gloriously Retro Alien Anime Fan Film,"Paul ""OtaKing"" Johnson, who went viral nearly a decade ago for his Star Wars TIE Fighter anime short, spent six years bringing Alien: Monday to life.",https://gizmodo.com/alien-monday-anime-short-film-otaking-2000478654,https://gizmodo.com/app/uploads/2024/07/sdfgoihdofigh-8.png,2024-07-24T22:00:14Z,"It’s a universally accepted truth that Mondays suck. But not all of us take our Mondays working in space, and even less of us take them with the surprise, horrifying arrival of a Xenomorph. So some M… [+1313 chars]"
7,,Gizmodo.com,Justin Carter,Batman Ninja’s Sequel Brings His Coworkers Along For the Anime Ride,"After beating his rogues gallery in the first film, Batman now has to fight an evil Justice League with some sick new designs.",https://gizmodo.com/batman-ninja-yakuza-league-teaser-2000377267,https://gizmodo.com/app/uploads/2024/07/batman-ninja.jpg,2024-07-07T18:50:47Z,"Last month, WB revealed a sequel to its 2018 movie Batman Ninja was in the works. With the intriguing title of Batman Ninja vs. the Yakuza League, you had to wonder what the Dark Knight would be up t… [+1613 chars]"
8,,Gizmodo.com,Gordon Jackson,Giancarlo Esposito Teases His Intriguing Captain America: Brave New World Character,"Plus, get another new look at Jack Kesy's Hellboy in a new image from The Crooked Man.",https://gizmodo.com/giancarlo-esposito-captain-america-brave-new-world-2000471735,https://gizmodo.com/app/uploads/2024/07/sdfgoihdofigh-6-1.jpg,2024-07-15T13:00:25Z,"Rick &amp; Morty: The Anime gives a sneak peek of its hijinks in Japanese. Meet Rings of Power‘s biggest creatures yet. Get a look at Batman: Caped Crusader‘s slick new ride. Plus, Evil goes tinfoil … [+2557 chars]"
9,,Gizmodo.com,Gordon Jackson,Todd McFarlane’s Spawn Movie Might Actually Be Getting Closer to Happening,"Plus, a new behind-the-scenes image assembles Marvel's Fantastic Four.",https://gizmodo.com/spawn-movie-blumhouse-director-todd-mcfarlane-2000478945,https://gizmodo.com/app/uploads/2024/07/MS-726-Spawn.jpg,2024-07-26T13:00:56Z,"Sputnik‘s Egor Abramenko is forming a wild new cast for his new A24 horror. The Long Walk adaptation finds a few more stars. The first clip from the new Crow gets brutal. Plus, get another new look a… [+2482 chars]"
10,,Gizmodo.com,Sherri L Smith,Amazon Prime Video’s New Look Hopes to End Decision Paralysis,Amazon Prime Video is rolling out a redesign that leans heavily on AI recommendations in order to streamline your viewing experience so you can get down to enjoying a movie or TV series in a quicker fashion.,https://gizmodo.com/amazon-prime-videos-new-look-hopes-to-end-decision-paralysis-2000477788,https://gizmodo.com/app/uploads/2024/07/Amazon-Prime-Video-Redesign.jpg,2024-07-23T17:00:15Z,How much time do you spend looking for something to stream when you’re ready to settle in for the night? It can take a long while if you’re anything like my boyfriend and me and our discordant tastes… [+1903 chars]
11,,Gizmodo.com,Germain Lussier,10 Things We’re Sad Won’t Be at Comic-Con This Year,"Marvel and Lord of the Rings will be in San Diego, but not DC and Game of Thrones. here's our list of things not at SDCC.",https://gizmodo.com/10-things-were-sad-wont-be-at-comic-con-this-year-2000476006,https://gizmodo.com/app/uploads/2024/07/sdcc-wishlist.jpg,2024-07-23T19:30:13Z,"“Beetlejuice, Beetlejuice, Beetlejuice!” Dang it. Didn’t work. We’re sorry. We tried to get the Ghost with the Most to come to Comic-Con, and bring his Warner Bros. friends with him, but even saying … [+4544 chars]"
12,,CNET,Kourtnee Jackson,Heat Wave Entertainment: Which Streaming Services Deserve Your Summer Subscription?,"July's hottest releases like Cobra Kai, Descendants 4, Élite and The Boys' finale will keep summer sizzling.",https://www.cnet.com/tech/services-and-software/heat-wave-entertainment-which-streaming-services-deserve-your-subscription/,https://www.cnet.com/a/img/resize/e4607b171d5bcca2ac4d6285ad415b2632005398/hub/2024/06/28/cd89d462-56ce-44a4-8f6f-c05d2d25f8fa/beverly-hills-cop-axel-f-netflix.jpg?auto=webp&fit=crop&height=675&width=1200,2024-07-13T13:15:04Z,"The weather is scorching, and with school out for the summer, many of you are looking for ways to beat the heat. Luckily, July is promising for fans of cult-favorite franchises. Netflix has Beverly H… [+7331 chars]"
13,,ReadWrite,Paul McNally,"All the Once Human codes out there, how to redeem them and what they do","Once Human reminds us of an anime in a lot of ways and what do a lot of anime-type games… Continue reading All the Once Human codes out there, how to redeem them and what they do
The post All the Once Human codes out there, how to redeem them and what they do…",https://readwrite.com/once-human-codes/,https://readwrite.com/wp-content/uploads/2024/07/once_human_gear.jpg,2024-07-10T11:20:36Z,"Once Human reminds us of an anime in a lot of ways and what do a lot of anime-type games have? Codes thats what. Its still a little surprising to see a code mechanic in a survival game such as this, … [+1456 chars]"
14,,ReadWrite,Owen Good,Overwatch 2’s crossover with The Transformers goes live with — wait for it — Optimus Prime-hardt,"Overwatch 2’s latest crossover — with Hasbro’s Transformers franchise — was announced back in June, and now fans have their… Continue reading Overwatch 2’s crossover with The Transformers goes live with — wait for it — Optimus Prime-hardt
The post Overwatch 2…",https://readwrite.com/overwatch-2-transformers-collab-skins-revealed-trailer-characters-prices/,https://readwrite.com/wp-content/uploads/2024/07/Screenshot-2024-07-09-at-10.08.46 AM.png,2024-07-09T14:21:53Z,"Overwatch 2s latest crossover with Hasbros Transformers franchise was announced back in June, and now fans have their first trailer showing what it looks like. Its full of anime and woop-woop-wak-wak… [+1236 chars]"
15,,ReadWrite,Suswati Basu,Pirate site Animeflix unexpectedly shuts down,"Unauthorized streaming site Animeflix has been shut down, according to TorrentFreak. The anime-focused site unexpectedly went offline on Thursday (July… Continue reading Pirate site Animeflix unexpectedly shuts down
The post Pirate site Animeflix unexpectedly…",https://readwrite.com/pirate-site-animeflix-shuts-down/,https://readwrite.com/wp-content/uploads/2024/07/Pirate-site-Animeflix-unexpectedly-shuts-down.png,2024-07-08T15:02:56Z,"Unauthorized streaming site Animeflix has been shut down, according to TorrentFreak. The anime-focused site unexpectedly went offline on Thursday (July 4).
The sudden closure of this anime piracy si… [+2142 chars]"
16,,Kotaku,Alyssa Mercante,Our Favorite Cosplay From DoKomi Germany 2024,"I love to get a look at cosplay from across the world, and DoKomi Germany never disappoints. The three-day anime convention and cosplay competition took place over the last weekend in June in Düsseldorf, Germany, and gave us some absolute beauties.Read more...",https://kotaku.com/dokomi-germany-cosplay-convention-2024-anime-1851603850,"https://i.kinja-img.com/image/upload/c_fill,h_675,pg_1,q_80,w_1200/9e2652b54d406be4fe50719992a3ad7d.jpg",2024-07-24T18:45:00Z,"I love to get a look at cosplay from across the world, and DoKomi Germany never disappoints. The three-day anime convention and cosplay competition took place over the last weekend in June in Düsseld… [+525 chars]"
17,,Kotaku,Willa Rowe,"Jeanne d’Arc’s First Hour Won Me Over With Its Absurd Premise, Sick Cutscenes, And Great Tactical Combat","Everybody was right about Jeanne d’Arc. The 2006 PSP game from developer Level-5 has been on my radar for a while, thanks to its reputation as a solid tactical RPG with a semi-historical setting—yes, it’s about the 15th century saint Joan of Arc. Unfortunatel…",https://kotaku.com/jeanne-d-arc-joan-arc-game-playstation-ps-plus-rpg-psp-1851598537,"https://i.kinja-img.com/image/upload/c_fill,h_675,pg_1,q_80,w_1200/09fd4ea167492ccafdc9cd84f197b2af.jpg",2024-07-18T15:00:00Z,"Everybody was right about Jeanne dArc. The 2006 PSP game from developer Level-5 has been on my radar for a while, thanks to its reputation as a solid tactical RPG with a semi-historical settingyes, i… [+3596 chars]"
18,,VentureBeat,Michael Nuñez,From reality to fantasy: Live2Diff AI brings instant video stylization to life,"Live2Diff, developed by an international team from Shanghai AI Lab, Max Planck Institute, and Nanyang Technological University, pioneers uni-directional attention in video diffusion models, enabling near real-time stylization of live video streams.",https://venturebeat.com/ai/from-reality-to-fantasy-live2diff-ai-brings-instant-video-stylization-to-life/,https://venturebeat.com/wp-content/uploads/2024/07/Lead-image.jpg?w=1024?w=1200&strip=all,2024-07-17T22:32:42Z,"Join our daily and weekly newsletters for the latest updates and exclusive content on industry-leading AI coverage. Learn More
A team of international researchers has developed an AI system capable … [+5588 chars]"
19,,Hipertextual,Gonzalo Franco,‘Dragon Ball Daima’ lanza un sorprendente tráiler y desvela nuevos personajes,"En desarrollo... Dragon Ball Daima, la nueva serie de la legendaria franquicia creada por Akira Toriyama, está muy cerca. El proyecto de anime servirá como parte de la celebración de los 40 años de Dragon Ball junto con otros lanzamientos como el videojuego D…",http://hipertextual.com/2024/07/dragon-ball-daima-sorprendente-trailer-nuevos-personajes,https://imgs.hipertextual.com/wp-content/uploads/2024/07/Dragon-Ball-Daima.jpg,2024-07-19T09:48:45Z,"En desarrollo...
Dragon Ball Daima, la nueva serie de la legendaria franquicia creada por Akira Toriyama, está muy cerca. El proyecto de anime servirá como parte de la celebración de los 40 años de … [+1729 chars]"
20,,Yahoo Entertainment,Daysia Tolentino,MrBeast collaborator Ava Kris Tyson leaves YouTube channel after online users accuse her of grooming,"Ava Kris Tyson, a longtime friend and collaborator of YouTube star Jimmy Donaldson (better known as MrBeast), announced this week that she is leaving the...",https://www.yahoo.com/news/mrbeast-collaborator-ava-kris-tyson-000132846.html,https://s.yimg.com/ny/api/res/1.2/XdDBoCjaCMYzW2CaOWumrA--/YXBwaWQ9aGlnaGxhbmRlcjt3PTEyMDA7aD04MDA-/https://media.zenfs.com/en/nbc_news_122/b5851e04dd067e9c77c57dbe86d4982d,2024-07-25T00:01:32Z,"Ava Kris Tyson, a longtime friend and collaborator of YouTube star Jimmy Donaldson (better known as MrBeast), announced this week that she is leaving the channel after online commentators accused her… [+3837 chars]"
21,time,Time,Sean Gregory / Paris,Coco Gauff Is Named U.S. Women’s Olympic Flag Bearer,"The U.S. announced on Wednesday that tennis star Coco Gauff, 20, the defending U.S. Open champion, will be the women's Olympic flag bearer.",https://time.com/7002354/coco-gauff-named-us-womens-olympic-flag-bearer/,https://api.time.com/wp-content/uploads/2024/07/GettyImages-2160770264.jpg?quality=85&w=1024&h=628&crop=1,2024-07-24T11:16:20Z,"The United States reached into its past in naming its male Olympic opening ceremonies flag bearer, selecting on Monday LeBron James, 39, for the honor: the two-time Olympic gold medalist got the nod … [+3303 chars]"
22,polygon,Polygon,Toussaint Egan,My Favorite Anime: Logic’s journey from Cowboy Bebop to Lupin the Third,My Favorite Anime is a column dedicated to the stories of the biggest celebrity anime fans. Polygon spoke to rapper-producer Logic about his love of Cowboy Bebop and Lupin the Third.,https://www.polygon.com/anime/24196703/my-favorite-anime-logic-cowboy-bebop-lupin-the-third,https://cdn.vox-cdn.com/thumbor/0tXHB_hAM6WVASrSvz3Kv2StVUY=/0x215:3000x1786/fit-in/1200x630/cdn.vox-cdn.com/uploads/chorus_asset/file/25533670/Polygon_My_Favorite_Anime___Logic.jpg,2024-07-17T15:00:00Z,"Sir Robert Bryson Hall II, better known as Logic, is a man as nerdy as he is talented. The rapper-songwriter and occasional streamer has never been shy about his love for anime, name dropping referen… [+7679 chars]"
23,polygon,Polygon,Toussaint Egan,Dystopian anime Terminator Zero annihilates civilization in its first trailer,"Netflix shared the first trailer for Terminator Zero, the new sci-fi anime based on the Terminator film franchise. The series premieres Aug. 29.",https://www.polygon.com/anime/24198856/terminator-zero-anime-trailer-release-date,https://cdn.vox-cdn.com/thumbor/kIj4eXRdhZ_wQq_Y3FAzi5clf14=/0x38:1920x1043/fit-in/1200x630/cdn.vox-cdn.com/uploads/chorus_asset/file/25531342/Terminator_Zero_n_S1_E2_00_03_48_19.jpg,2024-07-15T13:39:31Z,"Image: Netflix

 

 Production I.G’s take on the dark sci-fi franchise looks bloody and exhilarating 
 
 Continue reading…"
24,polygon,Polygon,Petrana Radulovic,I’m obsessed with the lips on A Sign of Affection,A Sign of Affection is THE romance anime of the year — and it also features very detailed rendered lips. Here’s why the lips are so important to the show.,https://www.polygon.com/anime/24203861/sign-affection-anime-romance-shojo-lips,https://cdn.vox-cdn.com/thumbor/lyby7Yw4KdxX6DLeEN580Tyncfc=/0x181:2529x1505/fit-in/1200x630/cdn.vox-cdn.com/uploads/chorus_asset/file/25541523/polygon_background__1_.jpg,2024-07-24T15:00:00Z,"A Sign of Affection never fails to reduce me to giggles and hair twirling. The romantic shojo series follows Yuki, a deaf university student, who meets the charming Itsuomi, a fellow student with a p… [+2183 chars]"
25,polygon,Polygon,XTINA GG,Why won’t Niantic put Cowboy Hat Caterpie in Pokémon Go?,"Since 2019, a Pokémon Go player by the name of Mike Nerdlaw has been asking Niantic for a Cowboy Hat Caterpie. Here’s why he won’t let it go",https://www.polygon.com/pokemon-go/24184969/pokemon-go-cowboy-hat-caterpie,https://cdn.vox-cdn.com/thumbor/jmJmZlvwWkjGbSrHWZnho3nGOKE=/0x31:1200x659/fit-in/1200x630/cdn.vox-cdn.com/uploads/chorus_asset/file/25514264/caterpie_cowboy_hat.jpg,2024-07-10T13:00:00Z,"This is the (ongoing) story of Cowboy Hat Caterpie.
Since 2019, a Pokémon Go player by the name of Mike Nerdlaw has been asking Niantic, the company behind the game, for a Cowboy Hat Caterpie. What … [+1677 chars]"
26,polygon,Polygon,Ana Diaz,This minor character is the new hero of the Demon Slayer fandom,Demon Slayer fans have crowned the side character Murata as the most powerful character as a running joke.,https://www.polygon.com/24191798/demon-slayer-murata-fandom-meme,https://cdn.vox-cdn.com/thumbor/WSrKqUDQYKbE49mP5qVfSYi-uk0=/0x38:1920x1043/fit-in/1200x630/cdn.vox-cdn.com/uploads/chorus_asset/file/25517191/Demon_Slayer__Kimetsu_no_Yaiba__English_Dub__Rehabilitation_Training___Watch_on_Crunchyroll___Google_Chrome_7_3_2024_2_35_22_PM.png,2024-07-07T14:00:00Z,"The characters in Demon Slayer: Kimetsu no Yaiba distinguish themselves through their extraordinary bravery. Tanjiro Kamado, for example, consistently pushes himself to the brink of death just so tha… [+2258 chars]"
27,polygon,Polygon,Maddy Myers,Free George R. R. Martin from The Winds of Winter,"At this point, it seems like George R. R. Martin simply does not want to finish writing Winds of Winter. And if he doesn’t want to write it, I don’t want to read it.",https://www.polygon.com/24196597/free-george-r-r-martin-grrm-winds-of-winter-game-of-thrones-book-deadline,https://cdn.vox-cdn.com/thumbor/UDL5LKwCu_WYWstsSlV-JC5GXRo=/0x256:2500x1565/fit-in/1200x630/cdn.vox-cdn.com/uploads/chorus_asset/file/25528529/grrm_prison.jpg,2024-07-17T14:00:00Z,"At this point in my career, Ive written many thousands of words and edited quite a few different writers. I know a lot about procrastination. That is why, without speaking to the man or knowing him p… [+12527 chars]"
28,polygon,Polygon,Alice Jovanée,"Board games, books, movies, and more are buy 2, get 1 free at Target","Target Circle members can get free video games, movies, books, and board games with qualifying purchases through July 13. Target Circle is free to join.",https://www.polygon.com/deals/24195183/target-buy-two-get-one-free-gaming-tabletop-deal-sale,https://cdn.vox-cdn.com/thumbor/nFcmpyYFdBcTskdPo7NULVAihoo=/0x666:9300x5535/fit-in/1200x630/cdn.vox-cdn.com/uploads/chorus_asset/file/25525647/Target.jpg,2024-07-10T22:02:54Z,"While Amazons Prime Day doesnt kick off until next week, Target is hosting an excellent sale on board games, movies, books, and more that youll definitely want to check out. Through July 13, Target C… [+3936 chars]"
29,polygon,Polygon,Alice Jovanée,Here are the best Prime Day deals we’ve found,"Here are the best discounts you can find on video games, board games, Magic: The Gathering, and more through July 17.",https://www.polygon.com/amazon-prime-day/2024/7/17/24200331/best-deals-board-games-gaming-toys,https://cdn.vox-cdn.com/thumbor/15qp3apD6G5EjTidEUqppuVwZ8E=/0x215:3000x1786/fit-in/1200x630/cdn.vox-cdn.com/uploads/chorus_asset/file/25533525/Best_deals_of_Prime_Day.jpg,2024-07-17T11:46:43Z,"Its day two of Prime Day 2024, and we continue to keep you updated with the best discounts on our favorite games, accessories, collectibles, toys, and more.
Highlights include deals on the Modern Ho… [+13354 chars]"
30,,Xataka.com,John Tones,El primer tráiler de la serie de Netflix de 'Terminator' promete la mejor aportación a la franquicia en décadas,"Hacía tiempo que un producto de la franquicia 'Terminator' no proponía un retorno tan radical a las esencias de la saga. Esta vez ha sido gracias a la estética anime, que encaja a la perfección en el futuro frío y apocalíptico que exige una serie como esta 'T…",https://www.xataka.com/streaming/primer-trailer-serie-netflix-terminator-promete-mejor-aportacion-a-franquicia-decadas,https://i.blogs.es/88477e/aaaaqwqcxxeqq_pz3xllr_h-giy43x03m6wwjspk5w97mczlnskcnhzvynvghwzxzp4rsgfcj8smsinnrnnui3-bwyheckevub0vpsu98fylo4o0v6q6pje7hqoctfintgpajwylt1b0inbfzoqnnnt6of_q/840_560.jpeg,2024-07-15T15:39:54Z,"Hacía tiempo que un producto de la franquicia 'Terminator' no proponía un retorno tan radical a las esencias de la saga. Esta vez ha sido gracias a la estética anime, que encaja a la perfección en el… [+1575 chars]"
31,,Xataka.com,John Tones,"Después de tres años esperando para la segunda temporada de esta serie coreana, la tercera ha llegado unos meses a Netflix",Una recompensa que llega este mismo fin de semana en forma de una tercera temporada en tiempo récord: apenas siete meses después del estreno de la segunda y después de haber agonizado durante tres años de espera entre la uno y la dos. Los devotos de esta mezc…,https://www.xataka.com/streaming/despues-tres-anos-esperando-para-segunda-temporada-esta-serie-coreana-tercera-ha-llegado-unos-meses-a-netflix,https://i.blogs.es/9f0e40/sweethome_unit_108_csh053_3657/840_560.jpeg,2024-07-21T14:01:40Z,Una recompensa que llega este mismo fin de semana en forma de una tercera temporada en tiempo récord: apenas siete meses después del estreno de la segunda y después de haber agonizado durante tres añ… [+1649 chars]
32,,Xataka.com,Yúbal Fernández,Mejores apps gratis para editar vídeo en tu móvil Android e iPhone,"Vamos a decirte cuáles son las mejores apps gratis para editar vídeo en tu móvil, ya sea Android o con un iPhone. Los móviles son cada vez más potentes y tienen más posibilidades, y entre ellas está la de poder editar de una manera profesional los vídeos que …",https://www.xataka.com/basics/mejores-apps-gratis-para-editar-video-tu-movil-android-e-iphone,https://i.blogs.es/8fd485/edita-movil/840_560.jpeg,2024-07-13T10:01:51Z,"Vamos a decirte cuáles son las mejores apps gratis para editar vídeo en tu móvil, ya sea Android o con un iPhone. Los móviles son cada vez más potentes y tienen más posibilidades, y entre ellas está … [+8686 chars]"
33,,Xataka.com,Jose García,Llevo en Threads desde su lanzamiento y contra todo pronóstico me parece una plataforma mucho más amigable que Twitter,"Twitter se ha convertido en X y no, no son lo mismo. No es que Twitter haya sido siempre una plataforma perfecta, pero desde la llegada de Elon Musk ha ido de mal en peor. La plataforma está llena de odio, cierto mal rollo, criptobros, estafas con Arguiñano d…",https://www.xataka.com/aplicaciones/llevo-threads-su-lanzamiento-todo-pronostico-me-parece-plataforma-mucho-amigable-que-twitter,https://i.blogs.es/b041ec/img_9953/840_560.jpeg,2024-07-07T10:01:46Z,"Twitter se ha convertido en X y no, no son lo mismo. No es que Twitter haya sido siempre una plataforma perfecta, pero desde la llegada de Elon Musk ha ido de mal en peor. La plataforma está llena de… [+8559 chars]"
34,,Hubspot.com,esantiago@hubspot.com (Erica Santiago),10 Creative Company Profile Examples to Inspire You [+ 12 Templates],"As a content creator, I know brand identity is everything. My audience wants to know what makes me different, why I create content, why they should trust the information I put out, and why I might promote a product or service.",https://blog.hubspot.com/marketing/company-profile-0-varb#article,https://www.hubspot.com/hubfs/Untitled%20design%20%2857%29.jpg,2024-07-22T19:11:18Z,"As a content creator, I know brand identity is everything. My audience wants to know what makes me different, why I create content, why they should trust the information I put out, and why I might pr… [+23928 chars]"
35,,Hubspot.com,lkolowich@hubspot.com (Lindsay Kolowich Cox),27 of the Best Professional Bio Examples I've Ever Seen [+ Templates],"As a writer, I have to let readers and potential clients know my expertise, my skills, and why they should work with me or be interested in what I say. So, a professional bio is a must in my industry.",https://blog.hubspot.com/marketing/professional-bio-examples-2-varb#article,https://www.hubspot.com/hubfs/Untitled%20design%20%2863%29.jpg,2024-07-22T19:22:11Z,"As a writer, I have to let readers and potential clients know my expertise, my skills, and why they should work with me or be interested in what I say. So, a professional bio is a must in my industry… [+52989 chars]"
36,le-monde,Le Monde,Louise Le Borgne,"En direct, Tour de France 2024 : suivez la dixième étape entre Orléans et Saint-Amand-Montrond","Au lendemain d’une journée de repos, le peloton reprend la route, mardi 9 juillet, pour la dixième étape de la 111ᵉ édition de la Grande Boucle, longue de 187 kilomètres.",https://www.lemonde.fr/sport/live/2024/07/09/en-direct-tour-de-france-2024-suivez-la-dixieme-etape-entre-orleans-et-saint-amand-montrond_6248212_3242.html,https://img.lemde.fr/2024/07/07/1119/0/8640/4320/1440/720/60/0/d143557_c31a6316a6fc423bb0d2efd440543038-0-e6f394dcf3204f0ca31bfae9a7eb02b0.jpg,2024-07-09T11:25:04Z,"Bienvenue dans ce direct consacré à la dixième étape du Tour de France 2024, 111 édition de la Grande Boucle et la première à ne pas arriver à Paris depuis 1905, Jeux olympiques de Paris 2024 obligen… [+2025 chars]"
37,le-monde,Le Monde,Le Monde,"En direct, Tour de France 2024 : suivez la seizième étape entre Gruissan et Nîmes","Après une journée de repos, les coureurs remontent en selle dans l’Aude, mardi, pour une seizième étape de la Grande Boucle, longue de 188,6 kilomètres, essentiellement de plat et qui semble promise aux sprinteurs.",https://www.lemonde.fr/sport/live/2024/07/16/en-direct-tour-de-france-2024-suivez-la-seizieme-etape-entre-gruissan-et-nimes_6250864_3242.html,https://img.lemde.fr/2024/07/14/720/0/8640/4320/1440/720/60/0/b8b946e_9ffbcf8139fb460391e2f2035a7028e1-0-5accd99ad9be45999b92e0ee91cee806.jpg,2024-07-16T11:30:09Z,"Bienvenue dans ce direct consacré à la seizième étape du Tour de France 2024, 111 édition de la Grande Boucle et la première à ne pas arriver à Paris depuis 1905, Jeux olympiques de Paris 2024 oblige… [+2380 chars]"
38,le-monde,Le Monde,Le Monde,"En direct, Tour de France 2024 : suivez la dix-huitième étape entre Gap et Barcelonnette","Le peloton s’élance de Gap (Hautes-Alpes) et rejoint Barcelonnette (Alpes-de-Haute-Provence), jeudi 18 juillet, au cours d’une succession de cols de moyenne montagne.",https://www.lemonde.fr/sport/live/2024/07/18/en-direct-tour-de-france-2024-suivez-la-dix-huitieme-etape-entre-gap-et-barcelonnette_6252089_3242.html,https://img.lemde.fr/2024/07/17/937/0/6000/3000/1440/720/60/0/767b30b_5104025-01-06.jpg,2024-07-18T11:20:04Z,"Bienvenue dans ce direct consacré à la quatrième étape du Tour de France 2024, 111 édition de la Grande Boucle et la première à ne pas arriver à Paris depuis 1905, Jeux olympiques de Paris 2024 oblig… [+1883 chars]"
39,le-monde,Le Monde,Le Monde,"En direct, Tour de France 2024 : suivez la neuvième étape autour de Troyes","La neuvième étape de cette 111ᵉ édition de la Grande Boucle, longue de 199 kilomètres et disputée autour de Troyes (Aube), présente un parcours atypique, avec des secteurs non asphaltés.",https://www.lemonde.fr/sport/live/2024/07/07/en-direct-tour-de-france-2024-suivez-la-neuvieme-etape-autour-de-troyes_6247474_3242.html,https://img.lemde.fr/2024/07/04/842/0/6816/3408/1440/720/60/0/467c55d_5985810-01-06.jpg,2024-07-07T11:35:17Z,"Bienvenue dans ce direct consacré à la neuvième étape du Tour de France 2024, 111 édition de la Grande Boucle et la première à ne pas arriver à Paris depuis 1905, Jeux olympiques de Paris 2024 oblige… [+1943 chars]"
40,le-monde,Le Monde,Le Monde,"En direct, Tour de France 2024 : abandon d’Ayuso, coéquipier de Pogacar, dans un début d’étape explosif","Cette treizième étape s’élance d’Agen (Lot-et-Garonne), vendredi 12 juillet, et rallie Pau (Pyrénées-Atlantiques). Une journée qui semble à nouveau promise aux sprinteurs.",https://www.lemonde.fr/sport/live/2024/07/12/en-direct-tour-de-france-2024-suivez-la-treizieme-etape-entre-agen-et-pau_6249234_3242.html,https://img.lemde.fr/2024/07/12/882/0/5294/2647/1440/720/60/0/fc76490_5058432-01-06.jpg,2024-07-12T11:50:08Z,"Bienvenue dans ce direct consacré à la treizième étape du Tour de France 2024, 111 édition de la Grande Boucle et la première à ne pas arriver à Paris depuis 1905, Jeux olympiques de Paris 2024 oblig… [+2206 chars]"
41,le-monde,Le Monde,Louise Le Borgne et Oscar Korbosli,"En direct, Tour de France 2024 : avant la dernière ascension, le peloton réduit son écart sur les cinq coureurs de tête","La Grande Boucle se poursuit dans les Pyrénées, dimanche 14 juillet avec une étape longue de 198 kilomètres, réserve quatre difficultés au peloton, avant de se hisser sur le plateau de Beille.",https://www.lemonde.fr/sport/live/2024/07/14/en-direct-tour-de-france-2024-avant-la-derniere-ascension-le-peloton-reduit-son-ecart-sur-les-cinq-coureurs-de-tete_6249977_3242.html,https://img.lemde.fr/2024/07/14/468/0/5616/2808/1440/720/60/0/04bfb42_7a15529a9a1d4ecb9dc0684a2c25c197-0-479719c8c0c34f06aa3f139434326ad8.jpg,2024-07-14T14:22:29Z,"Bienvenue dans ce direct consacré à la 15e étape du Tour de France 2024, 111 édition de la Grande Boucle et la première à ne pas arriver à Paris depuis 1905, Jeux olympiques de Paris 2024 obligent.
… [+2165 chars]"
42,le-monde,Le Monde,Le Monde,"En direct, Tour de France 2024 : duel au sommet entre Pogacar et Vingegaard, Roglic et Evenepoel lâchés","La onzième étape de l’édition 2024 s’élance d’Evaux-les-Bains (Creuse), mercredi 10 juillet, et rallie Le Lioran (Cantal). La moyenne montagne est de retour, avec six ascensions au programme.",https://www.lemonde.fr/sport/live/2024/07/10/en-direct-tour-de-france-2024-romain-bardet-savoure-dans-son-virage-pogacar-en-tete-dans-la-descente-du-puy-mary_6248351_3242.html,https://img.lemde.fr/2024/07/10/698/0/4177/2088/1440/720/60/0/8816d54_5039968-01-06.jpg,2024-07-10T13:55:34Z,"Bienvenue dans ce direct consacré à la onzième étape du Tour de France 2024, 111 édition de la Grande Boucle et la première à ne pas arriver à Paris depuis 1905, Jeux olympiques de Paris 2024 obligen… [+2252 chars]"
43,le-monde,Le Monde,Le Monde,"En direct, Tour de France 2024 : suivez la douzième étape entre Aurillac et Villeneuve-sur-Lot","La douzième étape de cette 111ᵉ édition de la Grande Boucle, longue de 203 kilomètres, traverse les plaines du Cantal et du Lot, jeudi 11 juillet. Les sprinteurs auront une nouvelle occasion de briller avant d’entrer dans les Pyrénées.",https://www.lemonde.fr/sport/live/2024/07/11/en-direct-tour-de-france-2024-suivez-la-douzieme-etape-entre-aurillac-et-villeneuve-sur-lot_6248785_3242.html,https://img.lemde.fr/2024/07/11/663/0/6852/3426/1440/720/60/0/e2ec722_5047689-01-06.jpg,2024-07-11T10:50:04Z,"Bienvenue dans ce direct consacré à la douzième étape du Tour de France 2024, 111 édition de la Grande Boucle et la première à ne pas arriver à Paris depuis 1905, Jeux olympiques de Paris 2024 oblige… [+2156 chars]"
44,le-monde,Le Monde,Le Monde,"En direct, Tour de France 2024 : le peloton réduit son écart sur l’échappée, avec 2 Français","La douzième étape de cette 111ᵉ édition de la Grande Boucle, longue de 203 kilomètres, traverse les plaines du Cantal et du Lot, jeudi 11 juillet. Les sprinteurs auront une nouvelle occasion de briller avant d’entrer dans les Pyrénées.",https://www.lemonde.fr/sport/live/2024/07/11/en-direct-tour-de-france-2024-le-peloton-fond-sur-l-echappee-de-quatre-coureurs-dont-trois-francais_6248785_3242.html,https://img.lemde.fr/2024/07/11/500/0/6000/3000/1440/720/60/0/50faab6_2024-07-11t130606z-2070257689-up1ek7b10e4qx-rtrmadp-3-cycling-france.JPG,2024-07-11T13:36:04Z,"Bienvenue dans ce direct consacré à la douzième étape du Tour de France 2024, 111 édition de la Grande Boucle et la première à ne pas arriver à Paris depuis 1905, Jeux olympiques de Paris 2024 oblige… [+2156 chars]"
45,le-monde,Le Monde,Louise Le Borgne et Oscar Korbosli,"En direct, Tour de France 2024 : Lenny Martinez établit le nouveau temps de référence sur le contre-la-montre","Comme en 1989, année marquée par le duel Laurent Fignon-Greg LeMond, la Grande Boucle se termine, ce dimanche, par un chrono individuel. La victoire finale est promise à Tadej Pogacar, maillot jaune.",https://www.lemonde.fr/sport/live/2024/07/21/en-direct-tour-de-france-2024-suivez-la-derniere-etape-un-contre-la-montre-entre-monaco-et-nice_6254598_3242.html,https://img.lemde.fr/2024/07/21/301/0/3613/1806/1440/720/60/0/fbc7fac_5136803-01-06.jpg,2024-07-21T12:40:01Z,"Bienvenue dans ce direct consacré à la vingt et unième étape du Tour de France 2024, 111e édition de la Grande Boucle.
Quoi ? Un contre-la-montre en forme bouquet final de ce Tour de France 2024. Le… [+2140 chars]"
46,le-monde,Le Monde,Louise Le Borgne et Oscar Korbosli,"En direct, Tour de France 2024 : suivez la 15ᵉ étape entre Loudenvielle et le plateau de Beille","La Grande Boucle se poursuit dans les Pyrénées, dimanche 14 juillet avec une étape longue de 198 kilomètres, réserve quatre difficultés au peloton, avant de se hisser sur le plateau de Beille.",https://www.lemonde.fr/sport/live/2024/07/14/en-direct-tour-de-france-2024-suivez-la-15-etape-entre-loudenvielle-et-le-plateau-de-beille_6249977_3242.html,https://img.lemde.fr/2024/07/12/696/0/4171/2085/1440/720/60/0/c36027e_5059580-01-06.jpg,2024-07-14T10:05:02Z,"Bienvenue dans ce direct consacré à la 15e étape du Tour de France 2024, 111 édition de la Grande Boucle et la première à ne pas arriver à Paris depuis 1905, Jeux olympiques de Paris 2024 obligent.
… [+2165 chars]"
47,le-monde,Le Monde,Louise Le Borgne et Oscar Korbosli,"En direct, Tour de France 2024 : suivez la quatorzième étape entre Pau et Saint-Lary-Soulan","La Grande Boucle fait son entrée dans les Pyrénées, samedi 13 juillet, avec une arrivée au sommet du Pla d’Adet. La quatorzième étape, longue de 152 kilomètres, réserve trois difficultés au peloton, dont deux hors catégorie.",https://www.lemonde.fr/sport/live/2024/07/13/en-direct-tour-de-france-2024-suivez-la-quatorzieme-etape-entre-pau-et-saint-lary-soulan_6249659_3242.html,https://img.lemde.fr/2024/07/10/860/0/7252/3626/1440/720/60/0/aa2ab45_5040134-01-06.jpg,2024-07-13T11:20:12Z,"Bienvenue dans ce direct consacré à la quatorzième étape du Tour de France 2024, 111 édition de la Grande Boucle et la première à ne pas arriver à Paris depuis 1905, Jeux olympiques de Paris 2024 obl… [+2115 chars]"
48,le-monde,Le Monde,Le Monde,"En direct, Tour de France 2024 : suivez la onzième étape entre Evaux-les-Bains et Le Lioran","La onzième étape de l’édition 2024 s’élance d’Evaux-les-Bains (Creuse), mercredi 10 juillet, et rallie Le Lioran (Cantal). La moyenne montagne est de retour, avec six ascensions au programme.",https://www.lemonde.fr/sport/live/2024/07/10/en-direct-tour-de-france-2024-suivez-la-onzieme-etape-entre-evaux-les-bains-et-le-lioran_6248351_3242.html,https://img.lemde.fr/2024/07/09/720/0/8640/4320/1440/720/60/0/76dff19_2c446ef7ec68469199296a7e5efee7af-0-78742daad51648daa6ee0f12bded4f38.jpg,2024-07-10T09:30:13Z,"Bienvenue dans ce direct consacré à la dixième étape du Tour de France 2024, 111 édition de la Grande Boucle et la première à ne pas arriver à Paris depuis 1905, Jeux olympiques de Paris 2024 obligen… [+2244 chars]"
49,le-monde,Le Monde,Le Monde,"En direct, Tour de France 2024 : suivez la dix-neuvième étape entre Embrun et Isola 2000",Le peloton débute sa journée à Embrun (Hautes-Alpes) et roulera jusqu’à la station de ski d’Isola 2000 (Alpes-Maritimes) vendredi 19 juillet. Le terrain montagneux devrait être propice à un nouveau duel entre Tadej Pogacar et Jonas Vingegaard.,https://www.lemonde.fr/sport/live/2024/07/19/en-direct-tour-de-france-2024-suivez-la-dix-neuvieme-etape-entre-embrun-et-isola-2000_6252641_3242.html,https://img.lemde.fr/2024/07/18/1440/0/8640/4320/1440/720/60/0/488ef6a_c6963d2c9f5e463487666bb19d97c8fb-0-c535db35633a4eb89b49bdf208e22084.jpg,2024-07-19T10:30:08Z,"Bienvenue dans ce direct consacré à la dix-neuvième étape du Tour de France 2024, 111e édition de la Grande Boucle.
Quoi ? Cette dix-neuvième étape est une des dernières occasions pour le maillot ja… [+2077 chars]"
50,le-monde,Le Monde,Louise Le Borgne et Oscar Korbosli,"En direct, Tour de France 2024 : suivez la dix-septième étape entre Saint-Paul-Trois-Châteaux et Superdévoluy","Le peloton met le cap sur les Alpes du Sud, mercredi, pour la dix-septième étape de la Grande Boucle, longue de 178 km. Aucun col de grande ampleur au programme, mais les 40 derniers kilomètres sont corsés.",https://www.lemonde.fr/sport/live/2024/07/17/en-direct-tour-de-france-2024-suivez-la-dix-septieme-etape-entre-saint-paul-trois-chateaux-et-superdevoluy_6251483_3242.html,https://img.lemde.fr/2024/07/16/740/0/4442/2221/1440/720/60/0/7c35147_5094141-01-06.jpg,2024-07-17T10:45:08Z,"Bienvenue dans ce direct consacré à la dix-septième étape du Tour de France 2024, 111 édition de la Grande Boucle et la première à ne pas arriver à Paris depuis 1905, Jeux olympiques de Paris 2024 ob… [+2445 chars]"
51,ign,IGN,Isaiah Colbert,EXCLUSIVE: Bleach Rebirth of Souls Producer on Why It Will Be More Than Another Run-of-the-Mill Anime Fighter,Bleach Rebirth of Souls producer delves into the upcoming 3D fighter's combat and more in an exclusive interview with IGN.,https://www.ign.com/articles/bleach-rebirth-of-souls-producer-says-game-wont-be-another-run-of-the-mill-anime-fighter,https://assets-prd.ignimgs.com/2024/07/23/ss-26faf730ccb4c0685cf02559005d5-1721757437048.jpg?width=1280,2024-07-24T14:00:00Z,"During Anime Expo 2024, Bandai Namco shocked fans by announcing a brand new 3D fighting game, Bleach Rebirth of Souls
. Much like Bandai Namcos other hotly-anticipated anime fighter, Dragon Ball: Sp… [+6897 chars]"
52,ign,IGN,Connor Sheppard,The Terminator 6-Film Blu-Ray Collection Is Under $25 for Prime Day,These deals might not be back.,https://www.ign.com/articles/the-terminator-6-film-blu-ray-collection-is-under-25-for-prime-day,https://assets-prd.ignimgs.com/2022/08/02/terminator-movies-thumbnail-1659475780476.jpg?width=1280,2024-07-16T23:52:53Z,"For Prime Day, Amazon is discounting a six-movie collection of the Terminator series: an epic, sci-fi saga that details a grim future for humans. When our aspirations get bigger than our morality, hu… [+2165 chars]"
53,ign,IGN,Michael Peyton,Everything Coming to IGN’s San Diego Comic-Con 2024 Live Show,,https://www.ign.com/articles/everything-coming-to-igns-san-diego-comic-con-2024-live-show,https://assets-prd.ignimgs.com/2024/07/22/sdcc-promo-blogroll-1721670299394.jpg?width=1280,2024-07-22T20:00:00Z,"San Diego Comic-Con is back 
in a big way. After last years
 strike-affected and somewhat muted celebration (which still saw popular headliners like Star Wars Outlaws
, Teenage Mutant Ninja Turtle… [+4022 chars]"
54,,Digital Trends,Justin Koreis,MechWarrior 5: Clans couldn’t have happened without Duke Nukem Forever,"Creating a MechWarrior game is complicated for reasons far beyond game development. You also need to factor in IP law, anime, and ... Duke Nukem?",https://www.digitaltrends.com/gaming/piranha-games-mechwarrior5-clans-license/,https://www.digitaltrends.com/wp-content/uploads/2024/07/mechwarrior_online_concept.jpg?resize=1200%2C630&p=1,2024-07-20T10:45:11Z,"With the forthcoming release of MechWarrior 5: Clans, we are approaching four full decades of the mecha action series. It’s been a wild ride that’s taken the series in multiple directions, from singl… [+5063 chars]"
55,,Digital Trends,Carli Velocci,Palworld is about to get a whole lot bigger,"Even though Palworld is still in early access, developer Pocketpair has entered into a new IP-expanding partnership.",https://www.digitaltrends.com/gaming/palworld-pocketpair-sony-music-aniplex-partnership/,https://www.digitaltrends.com/wp-content/uploads/2024/02/Palworld-anubis.jpg?resize=1200%2C630&p=1,2024-07-10T16:16:06Z,"Pocketpair
Open-world crafting hit Palworld is about to get a whole lot bigger. Developer Pocketpair has entered into a partnership with Sony Music Entertainment to expand its reach beyond just the … [+2009 chars]"
56,,Digital Trends,Bryan M. Wolfe,Samsung quietly released a super limited Galaxy Z Flip 6,"Just days after announcing the Galaxy Z Flip 6, Samsung has already released a special edition of the phone — and it looks incredible.",https://www.digitaltrends.com/mobile/samsung-galaxy-z-flip-6-doraemon-special-edition/,https://www.digitaltrends.com/wp-content/uploads/2024/07/samsung-galaxy-z-flip-6-special-edition.jpg?resize=1200%2C630&p=1,2024-07-15T14:19:00Z,"Samsung
If you’re considering buying Samsung’s newly released Galaxy Z Flip 6, you should know this. The company has discreetly unveiled a limited edition of the new smartphone, exclusive to only 80… [+1531 chars]"
57,,Digital Trends,Tomas Franzese,"Every announced at Evo 2024: Capcom vs. SNK, Heihachi in Tekken 8, and more","From SNK vs. Capcom: SVC Chaos to Guilty Gear Strive's Cyberpunk: Edgerunners crossover, here's every important announcement from this year's Evo.",https://www.digitaltrends.com/gaming/evo-2024-everything-announced-list/,https://www.digitaltrends.com/wp-content/uploads/2024/07/Terry-Street-Fighter-6.jpg?resize=1200%2C630&p=1,2024-07-22T16:14:27Z,"This year’s edition of the Evolution Championship Series, colloquially known as Evo 2024, was held this past weekend and served as the biggest fighting game tournament event of the year. As a result,… [+5793 chars]"
58,,Digital Trends,Jason Struss,Everything coming to Netflix in August 2024,"A Good Girl's Guide to Murder, Terminator: Zero, and the latest seasons of Emily in Paris and The Umbrella Academy highlight Netflix's August 2024 schedule.",https://www.digitaltrends.com/movies/everything-coming-to-netflix-august-2024/,https://www.digitaltrends.com/wp-content/uploads/2024/07/a-good-girls-guide-to-murder-2.jpg?resize=1200%2C630&p=1,2024-07-24T17:23:58Z,"BBC
August is typically a quiet month for the entertainment industry, but Netflix didn’t get that memo. The popular streamer has stacked its schedule for the month with enough original new series, r… [+14654 chars]"
59,,Digital Trends,Andrew Tarantola,The best free AI video generators you can try out today,"These text-to-video and image-to-video AI generators are really fun to play with, and let you try them out for free.",https://www.digitaltrends.com/computing/best-free-ai-video-generators/,https://www.digitaltrends.com/wp-content/uploads/2024/07/runway-dogs-running-top-art.jpg?resize=1200%2C630&p=1,2024-07-19T11:30:18Z,"Runway
The days of needing extensive editing experience and a hefty budget just to make a professional-quality video are over. A new wave of AI-powered video generators has arrived, empowering anyon… [+12424 chars]"
60,,The Atlantic,Stephen Marche,The Secret That Dr. Ruth Knew,She left exactly when we need her most.,https://www.theatlantic.com/ideas/archive/2024/07/falling-love-dr-ruth/679169/?utm_source=feed,,2024-07-21T10:00:00Z,"Once, I fell in love with Dr. Ruth. Whenever I tell this story, everybody thinks I’m kidding. More than a decade ago, she called me out of the blue. I had written a cover story for The Atlantic calle… [+7822 chars]"
61,,BBC News,,Keanu Reeves: I think about death all the time,"The Matrix star's new novel, The Book of Elsewhere, explores the theme of mortality.",https://www.bbc.com/news/articles/cl7y05lr475o,https://ichef.bbci.co.uk/news/1024/branded_news/1aa0/live/57775780-4348-11ef-8895-6d3cb2081c6f.jpg,2024-07-22T23:46:52Z,"Many of us avoid thinking about death, but not Keanu Reeves.
""I'm 59, so I'm thinking about death all the time,"" the Hollywood megastar has revealed to BBC News.
That's a good thing, he adds.
""Hop… [+5268 chars]"
62,,Googleblog.com,Android Developers,#WeArePlay | 153 new stories from people creating apps and games in the U.S.,"#WeArePlay showcases Google Play developer stories. Meet Bernard, Pinkey, Bria, Alina, and Samara, creating apps and games in the U.S..",https://android-developers.googleblog.com/2024/07/weareplay-stories-from-people-creating-apps-and-games-in-the-us.html,https://blogger.googleusercontent.com/img/b/R29vZ2xl/AVvXsEju1CCQW-tDhzvcq9_yWPv6MCT9LgnhWVX-kLWqLH0nf0AKuXHnNDZGUAcR7UTo8CtcU7Ffg8eFN0bCCRlfpPHQ7pxSHNdlAT9WmFIq5yq8d2YW8uWTxS1VAxitANwTJU4gxMbxsQiWAgY1ZnI8GH_UKFbTJb735U-9gVFQzjGfrwuOcJlHM6BKXgQwEJU/s1600/WeArePlay-USA-Social.png,2024-07-23T16:00:00Z,"Posted by Robbie McLachlan, Developer Marketing
 
 
 
In 2022, #WeArePlay launched 153 stories about the people behind app and game companies across the United States. Since then, we've been on a vir… [+3347 chars]"
63,,Genbeta.com,Antonio Vallejo,Esta web recopila miles de modelos de IA que puedes usar gratis: así funciona FlowGPT,"Desde que ChatGPT puso patas arriba a toda la industria tecnológica, a lo largo del tiempo hemos conocido nuevas herramientas basadas en inteligencia artificial generativa, así como nuevos productos y servicios que han integrado chatbots y herramientas simila…",https://www.genbeta.com/a-fondo/esta-web-recopila-miles-modelos-ia-que-puedes-usar-gratis-asi-funciona-flowgpt,https://i.blogs.es/cf0254/flow-4/840_560.jpeg,2024-07-21T10:01:14Z,"Desde que ChatGPT puso patas arriba a toda la industria tecnológica, a lo largo del tiempo hemos conocido nuevas herramientas basadas en inteligencia artificial generativa, así como nuevos productos … [+4082 chars]"
64,,Genbeta.com,Antonio Vallejo,En China se han salvado de la caída masiva de CrowdStrike por una razón: su independencia tecnológica,"El pasado viernes fue un día para olvidar tanto para Microsoft, como para la empresa de ciberseguridad CrowdStrike. Y es que debido a un fallo en una actualización de su servicio, millones de equipos en todo el mundo dejaron de funcionar, entrando en bucle co…",https://www.genbeta.com/actualidad/china-se-han-salvado-caida-masiva-crowdstrike-razon-su-independencia-tecnologica,https://i.blogs.es/85c84d/original/840_560.jpeg,2024-07-22T09:18:26Z,"El pasado viernes fue un día para olvidar tanto para Microsoft, como para la empresa de ciberseguridad CrowdStrike. Y es que debido a un fallo en una actualización de su servicio, millones de equipos… [+4679 chars]"
65,,Rock Paper Shotgun,Ed Thorn,Until Then is the only visual novel game I've truly enjoyed,"I've tried visual novel games in the past, like A Space For The Unbound and Hatoful Boyfriend. And what's frustrating is that I just don't get on with them, despite knowing that they can convey brilliant stories through all sorts of interesting cuts and shots…",https://www.rockpapershotgun.com/until-then-is-the-only-visual-novel-game-ive-truly-enjoyed,https://assetsio.gnwcdn.com/until-then-header_URkFTcs.jpg?width=1200&height=630&fit=crop&enable=upscale&auto=webp,2024-07-18T10:00:00Z,"I've tried visual novel games in the past, like A Space For The Unbound and Hatoful Boyfriend. And what's frustrating is that I just don't get on with them, despite knowing that they can convey brill… [+5104 chars]"
66,,Rock Paper Shotgun,Brendan Caldwell,Zenless Zone Zero review: painfully cool animation can't save a superficial gacha,"Many years ago game designers advised their peers to make their prototypes ""juicy"". They were talking about the nebulous collection of sensations a player is exposed to when heads explode, coins jangle, and balls bounce. Zenless Zone Zero is a game deeply inf…",https://www.rockpapershotgun.com/zenless-zone-zero-review-painfully-cool-animation-cant-save-a-superficial-gacha,https://assetsio.gnwcdn.com/zenless-zone-zero-review-1b.jpg?width=1200&height=630&fit=crop&enable=upscale&auto=webp,2024-07-10T12:00:00Z,Zenless Zone Zero reviewSleek and stylish art direction won't make up for shallow combat and a tiring gacha treadmill.<ul><li>Developer: HoYoverse</li><li>Publisher: HoYoverse</li><li>Release: July 4… [+9245 chars]
67,,AppleInsider,news@appleinsider.com (Stephen Silver),"Apple wants you to believe it's serious about gaming, for real this time","Apple has an absolutely dominant position in mobile gaming because of the ubiquity of the iPhone but a minuscule desktop market share. Apple has big plans for 2024, and we got a look at some of what's coming.New games coming in 2024 on Mac and other Apple pla…",https://appleinsider.com/articles/24/07/13/apple-wants-you-to-believe-its-serious-about-gaming-for-real-this-time,https://photos5.appleinsider.com/gallery/60351-124090-Screenshot-2024-07-12-at-30305-PM-xl.jpg,2024-07-13T16:54:13Z,"New games coming in 2024 on Mac and other Apple platforms (Photo by Stephen Silver) 
Apple has an absolutely dominant position in mobile gaming because of the ubiquity of the iPhone but a minuscule … [+5593 chars]"
68,,AppleInsider,news@appleinsider.com (Sponsored Content),Best app to upscale and enhance AI art & photos up to 16K [Giveaway],"It's frustrating to see cherished photos and AI images become blurry and pixelated when zoomed in, displayed on a 4K screen as wallpapers, or not qualified for 300DPI print. Fortunately, Aiarty can help fix that with AI art enhancer tools.Aiarty AI photo enha…",https://appleinsider.com/articles/24/07/15/best-app-to-upscale-and-enhance-ai-art-photos-up-to-16k-giveaway,https://photos5.appleinsider.com/gallery/60180-124124-aiarty-image-enhancer-debut-xl.jpg,2024-07-15T13:10:42Z,"Aiarty AI photo enhancer
It's frustrating to see cherished photos and AI images become blurry and pixelated when zoomed in, displayed on a 4K screen as wallpapers, or not qualified for 300DPI print.… [+7931 chars]"
69,,CNET,Jason Coles,Save $70 on the LG Tone Free T80 Earbuds With Our Exclusive Discount Code,"These earbuds are incredible, featuring Dolby Atmos, adaptive ANC and more. Now you can snag a pair at an unbelievable price.",https://www.cnet.com/deals/save-70-on-the-lg-tone-free-t80-earbuds-with-our-exclusive-discount-code/,https://www.cnet.com/a/img/resize/baea3de29ca25565c9eacf4db027ea2b6cf3af77/hub/2024/07/26/d3cba2f7-b864-4fc7-8de8-e1906fb787b4/lg-earbuds-deals.png?auto=webp&fit=crop&height=675&width=1200,2024-07-26T13:10:00Z,"If you're someone who listens to a lot of music or podcasts, or has roommates and needs headphones to watch anime in the dead of the night, then a good pair of earbuds is a big upgrade. Getting your … [+1249 chars]"
70,,Yanko Design,Gaurav Sood,Gundam x Crocs All-Terrain Clog is memorable tribute to the most iconic mobile suit,"Gundam x Crocs All-Terrain Clog is memorable tribute to the most iconic mobile suitHave you been a huge fan of the RX-78-2, but had been missing out on the 45th Anniversary celebrations of the original “Mobile Suit Gundam?”...",https://www.yankodesign.com/2024/07/11/gundam-x-crocs-all-terrain-clog-is-memorable-tribute-to-the-most-iconic-mobile-suit/,https://www.yankodesign.com/images/design_news/2024/07/gundam-x-crocs-all-terrain-clog-is-memorable-tribute-to-the-most-iconic-mobile-suit/Gundam-x-Crocs-All-Terrain-Clog-3.jpg,2024-07-11T13:20:39Z,"Have you been a huge fan of the RX-78-2, but had been missing out on the 45th Anniversary celebrations of the original “Mobile Suit Gundam?” The Japanese mecha anime franchise has collaborated with C… [+1660 chars]"
71,,Windows Central,Alexander Cope,The studio behind Guilty Gear and Dragonball FighterZ says they're working on a 3D revival of a classic beat em' up franchise for Xbox and PC,"Arc System Works, the game studio responsible for creating critically acclaimed anime fighting games like Guilty Gear, has announced they are working on a new 3D Double Dragon game.",https://www.windowscentral.com/gaming/the-studio-behind-guilty-gear-and-dragonball-fighterz-says-theyre-working-on-a-3d-revival-of-a-classic-beat-em-up-franchise-for-xbox-and-pc,https://cdn.mos.cms.futurecdn.net/UiUPAvE8kMxNVpwtCikrCM-1200-80.jpg,2024-07-10T16:01:56Z,"What you need to know
<ul><li>Arc System Works has announced in the latest issue of Weekly Famitsu, that they working on a new 3D Double Dragon action game for consoles and PC.</li><li>Double Dragon… [+4154 chars]"
72,,Windows Central,Alexander Cope,Battle literally thousands of foes on-screen in this crazy Xbox and PC prequel for one of the most popular hack-and-slash franchises,"Koei Tecmo releases the story details on Dynasty Warriors: Origins, an upcoming prequel for its iconic hack-and-slash franchise, Dynasty Warriors.",https://www.windowscentral.com/gaming/battle-literally-thousands-of-foes-on-screen-in-this-crazy-xbox-and-pc-prequel-for-one-of-the-most-popular-hack-and-slash-franchises,https://cdn.mos.cms.futurecdn.net/6B49A5KAHRFm9jyN2MAVC6-1200-80.jpg,2024-07-26T20:29:20Z,"What you need to know
<ul><li>Koei Tecmo announces the first story details for Dynasty Warriors: Origins, an upcoming prequel for its long-running Dynasty Warriors franchise.</li><li>In this game, y… [+5424 chars]"
73,,[Removed],,[Removed],[Removed],https://removed.com,,1970-01-01T00:00:00Z,[Removed]
74,,Journal du geek,Elisa Rahouadj,Le studio derrière Arcane a trouvé sa prochaine adaptation !,Le studio Fortiche parle du prochain manga que les équipes aimeraient adapter en anime.,https://www.journaldugeek.com/2024/07/16/le-studio-derriere-arcane-a-trouve-sa-prochaine-adaptation/,https://www.journaldugeek.com/app/uploads/2024/07/fortiche-vagabond-arcane.jpg,2024-07-16T09:48:07Z,"Le studio Fortiche s’est fait un nom sur le marché de l’adaptation depuis son travail sur Arcane. La série animée inspirée de League of Legends a récolté les éloges de la presse, des consommateurs, m… [+2428 chars]"
75,,Journal du geek,Amandine Jonniaux,"Rick & Morty : une nouvelle série arrive le 15 août, mais ce n’est pas ce que vous croyez","Le duo de choc va vivre de nouvelles aventures inédites, dans un multivers attendu de longue date.",https://www.journaldugeek.com/2024/07/12/rick-morty-une-nouvelle-serie-arrive-le-15-aout-mais-ce-nest-pas-ce-que-vous-croyez/,https://www.journaldugeek.com/app/uploads/2024/07/rick-morty-anime.jpg,2024-07-12T08:24:29Z,"De toutes les dimensions du multivers, il fallait bien qu’il y ait un anime. Cet été, Rick Sanchez et Morty Smith sont de retour sur nos écrans. En attendant la saison 8 qui n’arrivera pas avant 2025… [+2588 chars]"
76,,Journal du geek,Arthur Nicolle,“C’est impardonnable” : Genshin Impact accusé d’appropriation culturelle et de whitewashing,"Après les joueurs, c'est au tour des comédiens de doublage de s'insurger face au manque de représentation dans le gacha game de miHoYo.",https://www.journaldugeek.com/2024/07/16/cest-impardonnable-genshin-impact-accuse-dappropriation-culturelle-et-de-whitewashing/,https://www.journaldugeek.com/app/uploads/2024/07/genshin-impact-whitewashing.jpg,2024-07-16T14:34:16Z,"Une fois de plus, la nouvelle région de Genshin Impact fait parler d’elle pour les mauvaises raisons. Le gacha en monde ouvert développé par le studio chinois miHoYo est constamment ciblé par des acc… [+4899 chars]"
77,,Journal du geek,Thomas Estimbre,Une nouvelle marque de smartphones pas cher débarque sur Amazon,"Connaissez-vous WUUM ? Vous risquez de voir ce nom si vous êtes un adepte d'Amazon. Cette marque européenne débarque en France avec des smartphones et tablettes à bas prix, exclusivement sur la plateforme américaine.",https://www.journaldugeek.com/2024/07/26/une-nouvelle-marque-de-smartphones-pas-cher-debarque-sur-amazon/,https://www.journaldugeek.com/app/uploads/2024/07/Wuum-7.jpg,2024-07-26T07:23:19Z,"Si vous naviguez régulièrement dans les rayons d’Amazon, vous avez peut-être aperçu une marque inconnue au bataillon. WUUM vient tout juste d’arriver sur le célèbre site de vente en ligne et vous ne … [+2838 chars]"
78,,Journal du geek,Julie Hay,Stranger Things : on a vu la pièce à Londres !,"La saison 5 se fait attendre, mais les créateurs ont concocté une expérience scénique pour les fans de la première heure. La pièce de théâtre vaut-elle coup d'œil ?",https://www.journaldugeek.com/dossier/stranger-things-on-a-vu-la-piece-a-londres/,https://www.journaldugeek.com/app/uploads/2024/07/bob-jim-et-joyce.jpg,2024-07-16T15:03:01Z,"Stranger Things ne se limite pas aux frontières des écrans de ses spectateurs. Dès sa première saison, la série s’est invitée sur de nombreux supports. Comics, jeux vidéo et même expériences immersiv… [+6409 chars]"
79,,Applesfera.com,Guille Lomener,"HomeKit: qué es, cómo funciona y qué dispositivos son compatibles con este ecosistema de Apple","Cuando nos proponemos domotizar nuestra casa, muchas veces no sabemos por dónde empezar. ¿Qué me hace falta? ¿Sirve cualquier accesorio Wi-Fi que encuentre? En esta guía sobre HomeKit te vamos a ayudar a convertir tu casa en una inteligente, empezando desde u…",https://www.applesfera.com/tutoriales/homekit-que-como-funciona-que-dispositivos-compatibles,https://i.blogs.es/cac917/homekit/840_560.jpeg,2024-07-11T16:01:40Z,"Cuando nos proponemos domotizar nuestra casa, muchas veces no sabemos por dónde empezar. ¿Qué me hace falta? ¿Sirve cualquier accesorio Wi-Fi que encuentre? En esta guía sobre HomeKit te vamos a ayud… [+6806 chars]"
80,,MakeUseOf,Anthony Enticknap,14 Weird Alexa Skills You Should Enable Right Now,It's time to explore the stranger side of Amazon's smart assistant with these weird Alexa skills.,https://www.makeuseof.com/weird-alexa-skills-to-enable/,https://static1.makeuseofimages.com/wordpress/wp-content/uploads/2024/07/an-amazon-echo-dot-with-two-mirrors-next-to-it-and-a-distorted-reflection.jpg,2024-07-25T15:00:19Z,"Key Takeaways
<ul><li> Experience quirky uses for Amazon's Echo devices with weird Alexa skills like Chewbacca Chat and Sad Trombone. </li><li> Enjoy lighthearted fun with odd Alexa skills like Terr… [+7229 chars]"
81,,Phandroid - News for Android,Tyler Lee,Samsung unveils a super cute version of the Galaxy Z Flip 6,"Samsung has unveiled a special Doraemon version of the Galaxy Z Flip 6 smartphone for the Hong Kong market and it’s super cute.
The post Samsung unveils a super cute version of the Galaxy Z Flip 6 appeared first on Phandroid.",https://phandroid.com/2024/07/15/samsung-unveils-a-super-cute-version-of-the-galaxy-z-flip-6/,https://phandroid.com/wp-content/uploads/2024/07/flip-6-doraemon.webp,2024-07-15T08:58:08Z,"The other day, Samsung officially announced the Galaxy Z Flip 6. The handset comes in a variety of color options, but for the lucky folks over in Hong Kong, it seems that Samsung has a super cute ver… [+1118 chars]"
82,,GameSpot,Darryn Bonthuys,Prime Day Anime Deals - Save Big On 100-Plus Blu-Rays And Box Sets,"Amazon Prime Day is a fantastic time to be a fan of movies, and an even better time to grab some big discounts on anime. As usual, prices on anime series and films have been slashed across the board, with some of the hottest shows getting massively discounted…",https://www.gamespot.com/articles/prime-day-2024-anime-blu-ray-deals-amazon/1100-6524967/,https://www.gamespot.com/a/uploads/screen_kubrick/1601/16018044/4334655-prime-day-anime.jpg,2024-07-16T14:49:00Z,"Amazon Prime Day is a fantastic time to be a fan of movies, and an even better time to grab some big discounts on anime. As usual, prices on anime series and films have been slashed across the board,… [+4908 chars]"
83,,GameSpot,Darryn Bonthuys,Berserk 1997 Anime On Blu-Ray Drops To Lowest Price Yet For Amazon Prime Day,"We're seeing a ton of excellent Blu-ray deals leading into Prime Day this week, but if you're looking for some real cultured entertainment, you can't go wrong with the 1997 Berserk anime series on Blu-ray. The special edition for this cult-classic series has …",https://www.gamespot.com/articles/berserk-1997-anime-on-blu-ray-drops-to-lowest-price-yet-for-amazon-prime-day/1100-6524954/,https://www.gamespot.com/a/uploads/screen_kubrick/1601/16018044/4334381-berserk.jpg,2024-07-15T15:52:00Z,"We're seeing a ton of excellent Blu-ray deals leading into Prime Day this week, but if you're looking for some real cultured entertainment, you can't go wrong with the 1997 Berserk anime series on Bl… [+1770 chars]"
84,,GameSpot,Brendan Hesse,Castlevania Nocturne Season One Blu-ray Will Arrive Just In Time For Holloween,"The latest chapter in Netflix's popular Castlevania anime series, Castlevania Nocturne, will soon get a Blu-ray release. Fans can bring home Castlevania Nocturne: The Complete Season One Blu-ray when it releases on October 8, and preorders are already availab…",https://www.gamespot.com/articles/castlevania-nocturne-season-one-blu-ray-preorders/1100-6525239/,https://www.gamespot.com/a/uploads/screen_kubrick/1701/17013431/4337983-csn.jpg,2024-07-23T18:57:00Z,"The latest chapter in Netflix's popular Castlevania anime series, Castlevania Nocturne, will soon get a Blu-ray release. Fans can bring home Castlevania Nocturne: The Complete Season One Blu-ray when… [+1079 chars]"
85,,GameSpot,Brendan Hesse,"Dragon Ball, Naruto, Pokemon, And More Anime Blu-Rays Are B2G1 Free At Amazon","Take note, anime and manga fans: a huge selection of anime and manga are available in Amazon's Buy Two, Get One Free deal ahead of Prime Day 2024. Special edition box sets, new Blu-ray releases, and everything in between are included in the sale, and many ite…",https://www.gamespot.com/articles/dragon-ball-naruto-pokemon-and-more-anime-blu-rays-are-b2g1-free-at-amazon/1100-6524890/,https://www.gamespot.com/a/uploads/screen_kubrick/1701/17013431/4331903-amznbsg1am.jpg,2024-07-12T20:10:00Z,"Take note, anime and manga fans: a huge selection of anime and manga are available in Amazon's Buy Two, Get One Free deal ahead of Prime Day 2024. Special edition box sets, new Blu-ray releases, and … [+5747 chars]"
86,,GameSpot,Steven Petite,Castlevania Anime Is Cheap For Prime Day 2024 - Get The Complete Series On Blu-Ray For $50,"Netflix's wonderful anime adaptation of Castlevania is one of the many stellar shows featured in Amazon's Prime Day sale. Four seasons were produced for the first saga starring the dream team of Trevor Belmont, Alucard, and Sypha, and if you're looking to wat…",https://www.gamespot.com/articles/castlevania-anime-is-cheap-for-prime-day-2024-get-the-complete-series-on-blu-ray-for-50/1100-6523456/,https://www.gamespot.com/a/uploads/screen_kubrick/1595/15950357/4336012-4303217-castlevania-main.jpg,2024-07-17T19:46:00Z,Netflix's wonderful anime adaptation of Castlevania is one of the many stellar shows featured in Amazon's Prime Day sale. Four seasons were produced for the first saga starring the dream team of Trev… [+1653 chars]
87,,GameSpot,Luis Joshua Gutierrez,My Hero Academia Voice Actors On How The Show Has Matured Throughout The Years,"Since its release in 2018, My Hero Academia has remained one of the most-watched anime worldwide. Nearly six years and seven seasons later, the show has taken on a life of its own, crossing into mediums like video games and movies. There are a lot of things t…",https://www.gamespot.com/articles/my-hero-academia-voice-actors-on-how-the-show-has-matured-throughout-the-years/1100-6524980/,https://www.gamespot.com/a/uploads/screen_kubrick/1746/17463818/4335442-myheroacademiaseason6%E2%80%93%C2%A0kvhorizontal%E2%80%93%C2%A0%C2%A9k.horikoshi_shueisha%2Cmyheroacademiaproject.png,2024-07-17T14:07:00Z,"Since its release in 2018, My Hero Academia has remained one of the most-watched anime worldwide. Nearly six years and seven seasons later, the show has taken on a life of its own, crossing into medi… [+4399 chars]"
88,,GameSpot,Luis Joshua Gutierrez,"Helldivers, Elden Ring's Malenia, And The Best Cosplay At Anime Expo 2024, From Dragon Ball To Street Fighter","As you would expect from one of the largest anime conventions in the United States, Anime Expo 2024 has a major cosplay presence. People from all walks of life come to be among the first to see the latest announcements for their favorite shows or even demo ga…",https://www.gamespot.com/gallery/anime-expo-2024-the-best-cosplay-from-dragon-ball-to-street-fighter/2900-5575/,https://www.gamespot.com/a/uploads/screen_kubrick/1746/17463818/4329847-thumb3.jpg,2024-07-09T16:45:00Z,GameSpot may receive revenue from affiliate and advertising partnerships for sharing this content and from purchases through links.
89,,GameSpot,Jason Rodriguez,Demon Slayer: Sweep The Board Review - Sleep Once Bored,Demon Slayer: Kimetsu no Yaiba is a wildly popular anime and manga series that stars a captivating cast of characters all seeking to protect innocents from insidious threats. My wife and I are huge fans of the show to the point that we’ve obtained dozens of B…,https://www.gamespot.com/reviews/demon-slayer-sweep-the-board-review-sleep-once-bored/1900-6418255/,https://www.gamespot.com/a/uploads/screen_kubrick/1587/15875866/4336003-de2.jpg,2024-07-17T19:20:00Z,Demon Slayer: Kimetsu no Yaiba is a wildly popular anime and manga series that stars a captivating cast of characters all seeking to protect innocents from insidious threats. My wife and I are huge f… [+8977 chars]
90,,GameSpot,Phil Hornshaw,Dragon Ball Z And Super Blu-rays Are Getting Big Prime Day Discounts,"Dragon Ball Z is one of the most beloved anime series ever made, and fans looking to grab the franchise's many seasons and movies can pick up select Blu-ray editions while they're discounted during the final hours of Amazon's Prime Day sale.Starting with the …",https://www.gamespot.com/articles/dragon-ball-blu-rays-prime-day-discounts/1100-6524929/,https://www.gamespot.com/a/uploads/screen_kubrick/1701/17013431/4336033-dbblurays.jpg,2024-07-17T20:25:00Z,"Dragon Ball Z is one of the most beloved anime series ever made, and fans looking to grab the franchise's many seasons and movies can pick up select Blu-ray editions while they're discounted during t… [+1446 chars]"
91,,GameSpot,Phil Hornshaw,Nab This Panasonic Streaming 4K Blu-Ray Player On Sale If You Need A Non-Console Movie Solution,"Most video game fans likely use game consoles like the PlayStation 5 or Xbox Series X to watch Blu-ray discs or to stream video from services such as Netflix or Amazon Prime Video. But with the rise of digital-only consoles, you might find yourself lacking a …",https://www.gamespot.com/articles/nab-this-panasonic-streaming-4k-blu-ray-player-on-sale-if-you-need-a-non-console-movie-solution/1100-6524941/,https://www.gamespot.com/a/uploads/screen_kubrick/1581/15811374/4333547-panasonicbluray.jpg,2024-07-16T07:52:00Z,Most video game fans likely use game consoles like the PlayStation 5 or Xbox Series X to watch Blu-ray discs or to stream video from services such as Netflix or Amazon Prime Video. But with the rise … [+1450 chars]
92,,GameSpot,Brendan Hesse,Get A Free Year Of Netflix Premium When You Sign Up For Peacock Through Verizon,"For a limited time, Verizon customers can get a free year of Netflix Premium when they sign up for an annual Peacock subscription. Netflix Premium normally costs $24/month, which equates to $276 per year, and Peacock's annual plan costs $80/year. The combined…",https://www.gamespot.com/articles/get-a-free-year-of-netflix-premium-when-you-sign-up-for-peacock-through-verizon/1100-6525157/,https://www.gamespot.com/a/uploads/screen_kubrick/1701/17013431/4336687-netflixpeacockverizon.jpg,2024-07-22T17:54:00Z,"For a limited time, Verizon customers can get a free year of Netflix Premium when they sign up for an annual Peacock subscription. Netflix Premium normally costs $24/month, which equates to $276 per … [+1459 chars]"
93,,GameSpot,Jason Fanelli,Warframe: 1999 Will Let You Do Battle With A '90s Boy Band,"Today, during Tennocon 2024, Digital Extremes debuted a new gameplay trailer for Warframe: 1999, a narrative-driven spin-off quest for Warframe set in the late 1990s. Along with some tubular action sequences, the trailer showed off a new boss fight where the …",https://www.gamespot.com/articles/warframe-1999-will-let-you-do-battle-with-a-90s-boy-band/1100-6525159/,https://www.gamespot.com/a/uploads/screen_kubrick/3/37852/4336696-1999_screenshot_infestedband.jpg,2024-07-20T22:00:00Z,"Today, during Tennocon 2024, Digital Extremes debuted a new gameplay trailer for Warframe: 1999, a narrative-driven spin-off quest for Warframe set in the late 1990s. Along with some tubular action s… [+1509 chars]"
94,,GameSpot,Darryn Bonthuys,Bleach: Thousand-Year Blood War Part 3 Unsheathes An October Release Date In New Trailer,"An October release date for Bleach: The Thousand-Year Blood War Part 3 - The Conflict was revealed alongside a new trailer during Anime Expo on the weekend. While the trailer is mostly a montage of Soul Society's captains unleashing their Bankai abilities, th…",https://www.gamespot.com/articles/bleach-thousand-year-blood-war-part-3-unsheathes-an-october-release-date-in-new-trailer/1100-6524747/,https://www.gamespot.com/a/uploads/screen_kubrick/1601/16018044/4329725-bleach-part-3-the-conflict.jpg,2024-07-08T14:28:00Z,An October release date for Bleach: The Thousand-Year Blood War Part 3 - The Conflict was revealed alongside a new trailer during Anime Expo on the weekend. While the trailer is mostly a montage of S… [+1739 chars]
95,,GameSpot,Darryn Bonthuys,Avatar: The Last Airbender And The Legend Of Korra Blu-Rays Are Cheap For Prime Day,"Animated shows have been discounted for Prime Day, but if you're looking for one of the best series on Blu-ray, you can't go wrong with Avatar: The Last Airbender and its sequel The Legend of Korra. Amazon has several box sets available of the Nickelodeon ser…",https://www.gamespot.com/articles/avatar-the-last-airbender-and-the-legend-of-korra-blu-rays-are-cheap-for-prime-day/1100-6525037/,https://www.gamespot.com/a/uploads/screen_kubrick/1601/16018044/4335756-avatar-korrra.jpg,2024-07-17T14:36:00Z,"Animated shows have been discounted for Prime Day, but if you're looking for one of the best series on Blu-ray, you can't go wrong with Avatar: The Last Airbender and its sequel The Legend of Korra. … [+1904 chars]"
96,,GameSpot,Steven Petite,"Best Amazon Prime Day Gaming, Tech, And Entertainment Deals","Amazon Prime Day 2024 is officially here, and it's absolutely jam-packed with great gaming, tech, and entertainment deals. The annual two-day sales event only runs through tomorrow, July 17, and some of the best Prime Day deals often sell out before the sale …",https://www.gamespot.com/gallery/best-amazon-prime-day-deals/2900-5592/,https://www.gamespot.com/a/uploads/screen_kubrick/1595/15950357/4335234-amazonprimedaydeals-gamespot2024.jpg,2024-07-16T14:11:00Z,GameSpot may receive revenue from affiliate and advertising partnerships for sharing this content and from purchases through links.
97,,GameSpot,Jessica Cogswell,What's Next After A 20-Year-Old RPG Series Ends? Ys And Trails Director Toshihiro Kondo Talks Falcom's Future,"As a long-time fan of linear, turn-based RPGs, I've spent my fair share of time lamenting the fact that the Golden Age of this genre--which I'd define as the '90s through early 2000s--is well behind us. However, after years of both the genre and the gaming in…",https://www.gamespot.com/articles/whats-next-after-a-20-year-old-rpg-series-ends-ys-and-trails-director-toshihiro-kondo-talks-falcoms-future/1100-6524780/,https://www.gamespot.com/a/uploads/screen_kubrick/1639/16394322/4329997-untitleddesign.png,2024-07-08T21:24:00Z,"As a long-time fan of linear, turn-based RPGs, I've spent my fair share of time lamenting the fact that the Golden Age of this genre--which I'd define as the '90s through early 2000s--is well behind … [+17009 chars]"
98,,GameSpot,Brendan Hesse,Every Studio Ghibli Blu-Ray You Can Buy Right Now,"Studio Ghibli is one of the most important and successful production companies of all time. Since 1985, the animation studio has produced some of the most renowned animated films ever made--including the works of acclaimed director Hayao Miyazaki, such as Spi…",https://www.gamespot.com/gallery/every-studio-ghibli-blu-ray-you-can-buy-right-now/2900-5412/,https://www.gamespot.com/a/uploads/screen_kubrick/1701/17013431/4303848-header.jpg,2024-07-22T17:32:00Z,GameSpot may receive revenue from affiliate and advertising partnerships for sharing this content and from purchases through links.
99,,XDA Developers,Tanveer Singh,"After 20 years as a PC user, these are the 10 programs I recommend for every PC","Whether it's web browsing, visual customization, or PC optimization, these are the 10 must-have tools you should have on your PC.",https://www.xda-developers.com/programs-i-recommend-to-every-pc-user/,https://static1.xdaimages.com/wordpress/wp-content/uploads/wm/2024/04/desktop-apps-rgb-wallpaper-hwinfo.jpg,2024-07-21T15:00:12Z,"Key Takeaways
<ul><li> The Brave browser, Surfshark VPN, qBittorrent are the best tools I've used for my browsing and downloading needs. </li><li> SignalRGB and Wallpaper Engine are programs I can't… [+13983 chars]"
